City_ID,City,Country,Date,Lat,Lng,Max Temp,Humidity,Cloudiness,Wind Speed
0,Kalmar,SE,2022-07-09 18:16:47,56.6616,16.3616,67.14,65,38,5.99
1,Mahebourg,MU,2022-07-09 18:16:47,-20.4081,57.7,68.29,68,40,14.97
2,Lima,PE,2022-07-09 18:12:04,-12.0432,-77.0282,70.9,67,75,12.66
3,Hermanus,ZA,2022-07-09 18:16:48,-34.4187,19.2345,54.81,74,18,10.11
4,Ballina,AU,2022-07-09 18:16:48,-28.8667,153.5667,49.01,85,79,8.88
5,Butaritari,KI,2022-07-09 18:16:49,3.0707,172.7902,81.12,80,72,12.19
6,Kassala,SD,2022-07-09 18:16:49,15.451,36.4,80.78,65,97,15.73
7,Malinovoye Ozero,RU,2022-07-09 18:16:50,51.6753,79.7825,63.66,88,93,9.75
8,Kapaa,US,2022-07-09 18:16:50,22.0752,-159.319,80.58,85,75,12.66
9,Komsomolskiy,UZ,2022-07-09 18:16:50,40.4272,71.7189,81.32,26,100,4.61
10,San Quintin,MX,2022-07-09 18:14:53,30.4833,-115.95,74.34,65,25,15.03
11,Mataura,NZ,2022-07-09 18:16:51,-46.1927,168.8643,35.47,93,29,2.01
12,Contamana,PE,2022-07-09 18:16:51,-7.3333,-75.0167,91.8,44,66,2.26
13,Torbay,CA,2022-07-09 18:16:52,47.6666,-52.7314,67.28,79,75,13.8
14,Homer,US,2022-07-09 18:12:12,59.6425,-151.5483,58.89,73,100,4.61
15,Hobart,AU,2022-07-09 18:16:52,-42.8794,147.3294,46.26,88,100,4.61
16,Carnarvon,AU,2022-07-09 18:16:53,-24.8667,113.6333,70.57,70,4,8.88
17,Pedernales,DO,2022-07-09 18:16:53,18.0384,-71.744,88.54,54,98,1.03
18,Tuktoyaktuk,CA,2022-07-09 18:16:54,69.4541,-133.0374,50.0,100,100,6.91
19,Quatre Cocos,MU,2022-07-09 18:16:54,-20.2078,57.7625,68.11,58,94,21.94
20,Kalemie,CD,2022-07-09 18:16:55,-5.9475,29.1947,70.54,62,1,4.88
21,Manati,PR,2022-07-09 18:16:55,18.4275,-66.4921,89.87,79,83,18.14
22,Dunedin,NZ,2022-07-09 18:16:55,-45.8742,170.5036,39.79,70,98,3.0
23,Dubbo,AU,2022-07-09 18:16:56,-32.25,148.6167,30.33,100,4,5.75
24,Nikolskoye,RU,2022-07-09 18:16:56,59.7035,30.7861,64.29,89,97,7.47
25,Busselton,AU,2022-07-09 18:16:57,-33.65,115.3333,56.35,64,87,22.66
26,Yatou,CN,2022-07-09 18:16:58,37.15,122.3833,75.51,77,96,5.17
27,Kodiak,US,2022-07-09 18:16:58,57.79,-152.4072,53.11,94,100,17.27
28,Castro,BR,2022-07-09 18:16:59,-24.7911,-50.0119,71.65,45,55,6.17
29,Aleksandrovskoye,RU,2022-07-09 18:16:59,44.7142,43.0008,75.56,42,35,4.63
30,Camalu,MX,2022-07-09 18:17:00,30.85,-116.0667,73.24,63,38,10.25
31,Salalah,OM,2022-07-09 18:17:00,17.0151,54.0924,77.09,100,100,8.05
32,Mana,GF,2022-07-09 18:17:00,5.6592,-53.7767,79.32,87,86,10.22
33,Xuddur,SO,2022-07-09 18:17:01,4.1213,43.8894,75.11,59,94,22.08
34,Cabedelo,BR,2022-07-09 18:17:01,-6.9811,-34.8339,81.27,78,13,15.46
35,Shahr-E Kord,IR,2022-07-09 18:17:01,32.3256,50.8644,83.97,12,40,13.8
36,Punta Arenas,CL,2022-07-09 18:16:20,-53.15,-70.9167,33.91,60,20,13.8
37,Berlevag,NO,2022-07-09 18:17:02,70.8578,29.0864,55.4,87,100,6.91
38,Upernavik,GL,2022-07-09 18:17:03,72.7868,-56.1549,40.48,81,4,8.93
39,Libreville,GA,2022-07-09 18:17:03,0.3925,9.4537,75.31,77,53,13.47
40,Caravelas,BR,2022-07-09 18:17:04,-17.7125,-39.2481,77.2,61,6,8.84
41,Cabo San Lucas,MX,2022-07-09 18:14:59,22.8909,-109.9124,93.61,57,20,14.97
42,Lata,PT,2022-07-09 18:18:04,40.1629,-8.3327,90.48,40,0,7.85
43,Bluff,NZ,2022-07-09 18:18:05,-46.6,168.3333,35.8,71,87,3.6
44,Mar Del Plata,AR,2022-07-09 18:14:17,-38.0023,-57.5575,57.22,86,75,11.01
45,Arraial Do Cabo,BR,2022-07-09 18:18:06,-22.9661,-42.0278,78.76,78,20,14.97
46,Buraydah,SA,2022-07-09 18:18:06,26.326,43.975,97.25,10,70,9.57
47,Rikitea,PF,2022-07-09 18:18:06,-23.1203,-134.9692,74.61,77,95,15.61
48,Tiksi,RU,2022-07-09 18:18:07,71.6872,128.8694,49.82,60,33,10.13
49,Margate,GB,2022-07-09 18:18:07,51.3813,1.3862,69.31,70,23,1.99
50,Bredasdorp,ZA,2022-07-09 18:18:08,-34.5322,20.0403,58.44,59,7,12.26
51,Chokurdakh,RU,2022-07-09 18:18:08,70.6333,147.9167,46.71,55,100,3.42
52,Fayaoue,NC,2022-07-09 18:18:08,-20.65,166.5333,77.36,80,2,11.48
53,East London,ZA,2022-07-09 18:18:09,-33.0153,27.9116,67.14,52,0,6.91
54,Te Anau,NZ,2022-07-09 18:18:09,-45.4167,167.7167,31.12,90,100,4.14
55,Richards Bay,ZA,2022-07-09 18:18:10,-28.783,32.0377,68.65,70,0,14.29
56,Lompoc,US,2022-07-09 18:14:04,34.6391,-120.4579,80.02,75,0,9.22
57,Puerto Ayora,EC,2022-07-09 18:18:11,-0.7393,-90.3518,78.76,87,90,8.99
58,Saskylakh,RU,2022-07-09 18:18:11,71.9167,114.0833,50.4,72,100,7.99
59,Comodoro Rivadavia,AR,2022-07-09 18:18:11,-45.8667,-67.5,51.66,62,0,6.91
60,Khatanga,RU,2022-07-09 18:18:12,71.9667,102.5,46.06,93,100,3.58
61,Minnedosa,CA,2022-07-09 18:18:12,50.2453,-99.8436,79.36,79,75,15.32
62,Bambous Virieux,MU,2022-07-09 18:18:13,-20.3428,57.7575,68.25,68,40,14.97
63,Port Elizabeth,ZA,2022-07-09 18:18:13,-33.918,25.5701,77.09,47,0,8.05
64,Lavrentiya,RU,2022-07-09 18:18:13,65.5833,-171.0,49.05,82,100,6.89
65,Barrow,US,2022-07-09 18:18:14,71.2906,-156.7887,53.62,76,75,16.11
66,Sitka,US,2022-07-09 18:18:14,57.0531,-135.33,57.09,82,100,5.75
67,Yellowknife,CA,2022-07-09 18:16:03,62.456,-114.3525,64.92,82,75,11.5
68,Hithadhoo,MV,2022-07-09 18:14:44,-0.6,73.0833,82.45,76,13,5.59
69,Atuona,PF,2022-07-09 18:18:15,-9.8,-139.0333,77.36,79,27,20.33
70,San Rafael,AR,2022-07-09 18:16:52,-34.6177,-68.3301,62.67,16,14,2.57
71,Geraldton,AU,2022-07-09 18:18:15,-28.7667,114.6,64.81,77,40,17.27
72,Itoman,JP,2022-07-09 18:18:16,26.1247,127.6694,84.58,89,20,5.75
73,Grindavik,IS,2022-07-09 18:18:16,63.8424,-22.4338,57.15,100,100,20.71
74,Ushuaia,AR,2022-07-09 18:18:17,-54.8,-68.3,29.86,80,100,19.57
75,Dikson,RU,2022-07-09 18:18:17,73.5069,80.5464,33.49,88,49,6.08
76,Payakumbuh,ID,2022-07-09 18:18:18,-0.2202,100.6308,68.67,94,83,3.67
77,Maragogi,BR,2022-07-09 18:18:18,-9.0122,-35.2225,77.43,84,12,14.74
78,Agadir,MA,2022-07-09 18:17:49,30.4202,-9.5982,90.05,33,16,1.23
79,Saryg-Sep,RU,2022-07-09 18:18:19,51.5,95.6,54.75,65,65,3.33
80,Cockburn Town,TC,2022-07-09 18:18:19,21.4612,-71.1419,84.16,70,40,17.27
81,Cape Town,ZA,2022-07-09 18:16:26,-33.9258,18.4232,58.12,91,75,16.11
82,Codrington,AU,2022-07-09 18:18:20,-38.2667,141.9667,42.35,93,1,7.16
83,Russell,US,2022-07-09 18:18:20,32.3502,-85.1999,95.34,43,96,6.71
84,Cururupu,BR,2022-07-09 18:18:21,-1.8283,-44.8683,84.42,62,45,4.72
85,Rognan,NO,2022-07-09 18:18:21,67.0953,15.3878,60.06,71,100,5.97
86,Avarua,CK,2022-07-09 18:19:21,-21.2078,-159.775,71.65,68,100,8.05
87,Edd,ER,2022-07-09 18:19:22,13.9297,41.6925,91.26,53,100,2.04
88,Mount Gambier,AU,2022-07-09 18:19:22,-37.8333,140.7667,35.51,100,100,6.91
89,Lebu,CL,2022-07-09 18:17:05,-37.6167,-73.65,47.46,86,100,6.82
90,Talaya,RU,2022-07-09 18:19:23,61.3833,152.75,58.78,76,11,5.17
91,Bubaque,GW,2022-07-09 18:16:07,11.2833,-15.8333,81.27,81,92,11.81
92,Sao Filipe,CV,2022-07-09 18:19:23,14.8961,-24.4956,74.39,84,36,6.51
93,Pisco,PE,2022-07-09 18:19:24,-13.7,-76.2167,64.45,77,37,10.36
94,Cartagena Del Chaira,CO,2022-07-09 18:19:24,1.3349,-74.8429,70.5,99,100,2.08
95,Acatlan,MX,2022-07-09 18:19:24,20.15,-98.45,70.95,54,72,11.3
96,Bulgan,MN,2022-07-09 18:19:25,48.8125,103.5347,52.03,88,98,1.9
97,Shache,CN,2022-07-09 18:16:09,38.4167,77.2406,78.28,16,2,5.61
98,Narsaq,GL,2022-07-09 18:19:26,60.9167,-46.05,55.62,77,88,5.55
99,Vestmanna,FO,2022-07-09 18:19:26,62.1564,-7.1664,49.12,100,100,10.36
100,Sangar,RU,2022-07-09 18:19:26,63.9242,127.4739,57.4,69,100,2.84
101,Westport,US,2022-07-09 18:16:42,41.1415,-73.3579,87.44,53,0,10.36
102,Roald,NO,2022-07-09 18:19:27,62.5833,6.1333,55.17,93,75,17.27
103,Port Alfred,ZA,2022-07-09 18:19:27,-33.5906,26.891,69.67,37,0,11.86
104,Halifax,CA,2022-07-09 18:16:47,44.6453,-63.5724,74.68,50,6,7.0
105,Baiyin,CN,2022-07-09 18:19:28,36.5583,104.2081,77.54,49,37,3.29
106,Ahipara,NZ,2022-07-09 18:19:28,-35.1667,173.1667,57.4,93,38,5.97
107,Kysyl-Syr,RU,2022-07-09 18:19:28,63.8986,122.7617,58.71,82,100,3.33
108,Parana,AR,2022-07-09 18:16:51,-31.732,-60.5238,83.55,56,11,15.17
109,Cherskiy,RU,2022-07-09 18:19:29,68.75,161.3,36.86,89,100,14.58
110,Cardonal,MX,2022-07-09 18:19:30,20.6,-99.1333,75.96,43,69,10.36
111,Devonport,AU,2022-07-09 18:19:30,-41.1667,146.35,41.02,80,4,6.71
112,Beringovskiy,RU,2022-07-09 18:19:30,63.05,179.3167,48.83,91,100,14.5
113,Mbaiki,CF,2022-07-09 18:19:31,3.8678,17.9892,70.52,97,92,1.01
114,Flinders,AU,2022-07-09 18:19:31,-34.5833,150.8552,52.18,90,93,4.0
115,Saint-Philippe,RE,2022-07-09 18:19:32,-21.3585,55.7679,67.59,76,53,18.32
116,San Patricio,US,2022-07-09 18:19:32,28.017,-97.5169,98.08,33,13,6.58
117,Mangan,IN,2022-07-09 18:19:32,27.5167,88.5333,75.58,90,79,1.7
118,Tomatlan,MX,2022-07-09 18:19:28,19.9333,-105.25,92.48,47,53,4.43
119,Omegna,IT,2022-07-09 18:19:33,45.8798,8.408,85.75,52,74,0.76
120,Qaanaaq,GL,2022-07-09 18:19:33,77.484,-69.3632,43.41,76,96,1.68
121,Astorga,BR,2022-07-09 18:19:34,-23.2325,-51.6656,77.05,40,2,10.78
122,Panyutyne,UA,2022-07-09 18:19:34,48.9333,36.2833,75.7,38,81,7.14
123,Provideniya,RU,2022-07-09 18:19:35,64.3833,-173.3,48.22,93,100,5.86
124,Zhezkazgan,KZ,2022-07-09 18:19:35,47.8043,67.7144,70.93,48,72,11.1
125,Talnakh,RU,2022-07-09 18:19:35,69.4865,88.3972,49.21,95,100,10.04
126,Launceston,AU,2022-07-09 18:19:36,-41.45,147.1667,37.15,100,3,2.3
127,Teknaf,BD,2022-07-09 18:19:36,20.8624,92.3058,80.19,89,69,11.61
128,Gillette,US,2022-07-09 18:19:37,44.2911,-105.5022,88.86,42,0,0.0
129,Stornoway,GB,2022-07-09 18:19:37,58.2093,-6.3865,60.93,84,40,14.97
130,Fortuna,US,2022-07-09 18:19:38,40.5982,-124.1573,70.93,72,40,3.0
131,Sistranda,NO,2022-07-09 18:19:38,63.7256,8.834,51.76,85,100,14.41
132,Port-Gentil,GA,2022-07-09 18:19:38,-0.7193,8.7815,73.36,88,75,9.22
133,Mayo,US,2022-07-09 18:19:39,38.8876,-76.5119,72.03,95,100,6.91
134,Ketchikan,US,2022-07-09 18:16:32,55.3422,-131.6461,57.85,92,94,6.13
135,Bilibino,RU,2022-07-09 18:20:39,68.0546,166.4372,40.41,94,100,6.26
136,Albany,US,2022-07-09 18:16:08,42.6001,-73.9662,79.95,43,1,5.57
137,Dickinson,US,2022-07-09 18:17:31,29.4608,-95.0513,100.13,55,40,5.75
138,Longyearbyen,SJ,2022-07-09 18:20:40,78.2186,15.6401,44.44,70,75,21.85
139,Kronach,DE,2022-07-09 18:20:41,50.2396,11.3331,68.16,61,100,5.03
140,Ponta Do Sol,PT,2022-07-09 18:20:41,32.6667,-17.1,75.83,62,4,2.86
141,Clyde River,CA,2022-07-09 18:20:41,70.4692,-68.5914,46.63,71,0,5.75
142,Laguna,US,2022-07-09 18:18:46,38.421,-121.4238,85.01,55,0,9.22
143,Southbridge,US,2022-07-09 18:20:42,42.0751,-72.0334,83.35,44,0,1.01
144,Bandarban,BD,2022-07-09 18:20:42,22.1965,92.2262,76.01,97,72,1.86
145,Tamandare,BR,2022-07-09 18:20:43,-8.7597,-35.1047,77.67,82,14,13.58
146,Hay River,CA,2022-07-09 18:20:43,60.8156,-115.7999,66.18,72,75,6.91
147,Seoul,KR,2022-07-09 18:20:05,37.5683,126.9778,76.39,94,43,2.3
148,Aklavik,CA,2022-07-09 18:20:44,68.2191,-135.0107,59.0,88,100,10.36
149,Tasiilaq,GL,2022-07-09 18:20:44,65.6145,-37.6368,48.36,79,99,4.16
150,Gasa,PS,2022-07-09 18:20:45,31.5,34.4667,77.88,67,0,5.86
151,Saint George,US,2022-07-09 18:18:21,37.1041,-113.5841,104.63,11,0,5.75
152,Bathsheba,BB,2022-07-09 18:20:45,13.2167,-59.5167,88.41,84,40,23.02
153,Pevek,RU,2022-07-09 18:20:46,69.7008,170.3133,32.29,96,100,11.54
154,Madrid,ES,2022-07-09 18:16:29,40.4165,-3.7026,98.42,17,0,4.61
155,Dakar,SN,2022-07-09 18:18:50,14.6937,-17.4441,85.08,78,75,6.91
156,Norman Wells,CA,2022-07-09 18:20:46,65.282,-126.8329,73.44,53,75,9.22
157,Bushenyi,UG,2022-07-09 18:20:47,-0.5853,30.2114,65.98,62,97,1.83
158,Okha,RU,2022-07-09 18:20:47,53.5739,142.9478,60.3,89,32,9.84
159,Vaini,TO,2022-07-09 18:20:48,-21.2,-175.2,71.76,88,40,9.22
160,Synya,RU,2022-07-09 18:20:48,65.3718,58.0387,62.92,55,65,3.49
161,Lincoln,US,2022-07-09 18:20:37,40.8,-96.667,87.28,66,20,6.91
162,Port Macquarie,AU,2022-07-09 18:20:49,-31.4333,152.9167,47.35,76,5,7.54
163,Leningradskiy,RU,2022-07-09 18:20:49,69.3833,178.4167,46.83,89,100,9.19
164,Hami,CN,2022-07-09 18:20:49,42.8,93.45,88.72,11,95,21.85
165,Katsuura,JP,2022-07-09 18:20:50,35.1333,140.3,77.02,91,100,16.42
166,Los Llanos De Aridane,ES,2022-07-09 18:20:50,28.6585,-17.9182,69.55,78,0,19.57
167,Jamestown,US,2022-07-09 18:20:51,42.097,-79.2353,79.52,43,0,11.5
168,Kulhudhuffushi,MV,2022-07-09 18:20:51,6.6221,73.07,81.25,82,100,16.93
169,Tura,IN,2022-07-09 18:17:24,25.5198,90.2201,76.21,88,26,3.33
170,Avera,US,2022-07-09 18:20:01,33.194,-82.5271,75.25,48,79,7.18
171,Esperance,AU,2022-07-09 18:20:11,-33.8667,121.9,58.5,74,100,17.83
172,Batagay-Alyta,RU,2022-07-09 18:20:52,67.8006,130.4114,46.98,85,44,2.19
173,Balabac,PH,2022-07-09 18:20:52,7.9868,117.0645,77.63,91,100,21.61
174,Vestmannaeyjar,IS,2022-07-09 18:20:53,63.4427,-20.2734,51.62,95,100,21.3
175,Port Lincoln,AU,2022-07-09 18:20:53,-34.7333,135.8667,50.5,78,0,12.17
176,Kavieng,PG,2022-07-09 18:20:53,-2.5744,150.7967,81.23,71,39,15.55
177,Verkhnevilyuysk,RU,2022-07-09 18:20:54,63.4453,120.3167,58.44,96,100,3.83
178,Soria,ES,2022-07-09 18:20:54,41.6667,-2.6667,83.86,31,0,14.14
179,Thompson,CA,2022-07-09 18:21:29,55.7435,-97.8558,69.96,78,75,8.05
180,Kruisfontein,ZA,2022-07-09 18:21:55,-34.0033,24.7314,74.88,29,0,11.01
181,Roseau,DM,2022-07-09 18:21:55,15.3017,-61.3881,92.05,62,40,4.61
182,Huanan,CN,2022-07-09 18:21:55,46.2167,130.5167,62.92,94,100,3.8
183,Tuatapere,NZ,2022-07-09 18:21:56,-46.1333,167.6833,34.27,85,30,3.06
184,Erenhot,CN,2022-07-09 18:21:56,43.6475,111.9767,76.17,27,79,8.9
185,Poum,NC,2022-07-09 18:21:56,-20.2333,164.0167,76.6,86,50,15.84
186,Molokovo,RU,2022-07-09 18:21:57,58.1661,36.7628,63.34,82,99,6.42
187,Abu Samrah,SY,2022-07-09 18:21:57,35.3029,37.1841,81.27,41,0,14.58
188,Parthenay,FR,2022-07-09 18:21:58,46.6667,-0.4167,84.38,24,0,12.01
189,Goiatuba,BR,2022-07-09 18:21:58,-18.0125,-49.3547,83.66,23,44,8.41
190,Shaunavon,CA,2022-07-09 18:18:23,49.6501,-108.4181,76.78,42,0,9.89
191,Necochea,AR,2022-07-09 18:21:59,-38.5473,-58.7368,55.87,79,88,11.25
192,Victoria,HK,2022-07-09 18:21:59,22.2855,114.1577,87.19,84,14,10.0
193,Yarmouth,US,2022-07-09 18:19:57,41.7057,-70.2286,78.96,62,0,11.5
194,Wete,TZ,2022-07-09 18:22:00,-5.0559,39.7294,73.9,76,19,11.79
195,San Cristobal,VE,2022-07-09 18:22:00,7.7669,-72.225,80.78,53,97,8.39
196,Bethanien,NA,2022-07-09 18:22:00,-26.502,17.1583,51.21,70,0,18.12
197,Kavaratti,IN,2022-07-09 18:22:01,10.5669,72.642,81.23,83,100,20.51
198,Disna,BY,2022-07-09 18:22:01,55.568,28.1971,60.73,81,32,6.51
199,Cidreira,BR,2022-07-09 18:21:20,-30.1811,-50.2056,65.41,80,70,12.21
200,Ucluelet,CA,2022-07-09 18:22:02,48.9329,-125.5528,64.09,82,100,4.0
201,Okhotsk,RU,2022-07-09 18:22:03,59.3833,143.3,59.11,74,40,5.55
202,Vardo,NO,2022-07-09 18:22:03,70.3705,31.1107,49.98,87,20,8.05
203,Ures,MX,2022-07-09 18:22:03,29.4333,-110.4,95.95,32,45,5.19
204,Pacific Grove,US,2022-07-09 18:17:30,36.6177,-121.9166,74.21,89,75,9.22
205,Tamiahua,MX,2022-07-09 18:22:04,21.2667,-97.45,88.63,58,19,7.76
206,Vostok,RU,2022-07-09 18:22:04,46.4856,135.8833,58.42,96,92,3.47
207,Pokaran,IN,2022-07-09 18:22:05,26.9167,71.9167,90.77,60,89,14.05
208,Neiafu,TO,2022-07-09 18:22:05,-18.65,-173.9833,75.88,78,40,8.05
209,Ishigaki,JP,2022-07-09 18:21:27,24.3448,124.1572,82.53,89,20,10.36
210,Padang,ID,2022-07-09 18:22:06,-0.9492,100.3543,77.18,87,76,2.62
211,Honiara,SB,2022-07-09 18:22:06,-9.4333,159.95,75.45,79,69,4.54
212,Suzun,RU,2022-07-09 18:22:07,53.7841,82.3116,63.5,79,60,7.76
213,Bodden Town,KY,2022-07-09 18:22:07,19.2833,-81.25,89.6,73,20,12.66
214,Kandrian,PG,2022-07-09 18:22:08,-6.2167,149.55,76.06,90,94,6.76
215,Mazagao,BR,2022-07-09 18:22:08,-0.115,-51.2894,93.25,62,23,4.16
216,Samana,DO,2022-07-09 18:22:08,19.2056,-69.3369,89.82,66,75,13.8
217,Buka,UZ,2022-07-09 18:22:09,40.8108,69.1986,72.68,24,1,6.13
218,Lagoa,PT,2022-07-09 18:22:09,39.05,-27.9833,66.78,78,67,12.59
219,Blind River,CA,2022-07-09 18:22:10,46.1834,-82.9582,69.91,49,30,9.17
220,Tema,GH,2022-07-09 18:22:10,5.667,-0.0166,79.21,83,40,16.11
221,Bairiki,KI,2022-07-09 18:22:11,1.3292,172.9752,80.6,83,20,8.05
222,Pingliang,CN,2022-07-09 18:22:11,35.5392,106.6861,75.25,61,81,3.78
223,Nanortalik,GL,2022-07-09 18:22:12,60.1432,-45.2371,44.78,88,93,2.04
224,Fuxin,CN,2022-07-09 18:22:12,42.0156,121.6589,74.53,72,100,4.18
225,Havre-Saint-Pierre,CA,2022-07-09 18:22:12,50.2334,-63.5986,59.36,72,75,24.16
226,Paamiut,GL,2022-07-09 18:22:13,61.994,-49.6678,39.45,93,100,7.47
227,Tadine,NC,2022-07-09 18:22:13,-21.55,167.8833,75.31,79,1,7.54
228,Ewa Beach,US,2022-07-09 18:23:14,21.3156,-158.0072,77.59,81,75,11.5
229,Alofi,NU,2022-07-09 18:23:14,-19.0595,-169.9187,73.29,88,89,13.8
230,Hualmay,PE,2022-07-09 18:23:14,-11.0964,-77.6139,67.08,70,68,11.1
231,Zabaykalsk,RU,2022-07-09 18:23:15,49.6333,117.3167,56.16,87,95,7.43
232,Noyabrsk,RU,2022-07-09 18:23:15,63.1994,75.4507,66.4,58,60,11.01
233,Litovko,RU,2022-07-09 18:23:16,49.2361,135.1742,67.51,97,94,3.56
234,Udachnyy,RU,2022-07-09 18:23:16,66.4167,112.4,52.45,76,21,6.26
235,Klaksvik,FO,2022-07-09 18:23:16,62.2266,-6.589,50.92,99,100,11.95
236,Saldanha,ZA,2022-07-09 18:23:17,-33.0117,17.9442,53.65,91,57,16.75
237,Port Hardy,CA,2022-07-09 18:23:17,50.6996,-127.4199,59.18,94,100,5.75
238,Ust-Kuyga,RU,2022-07-09 18:23:18,70.0167,135.6,46.2,82,5,7.58
239,Axim,GH,2022-07-09 18:23:18,4.8699,-2.2405,77.76,80,88,10.4
240,Airai,TL,2022-07-09 18:22:06,-8.9266,125.4092,56.05,93,87,3.53
241,Tiruchchirappalli,IN,2022-07-09 18:22:40,10.8167,78.6833,82.51,65,40,12.66
242,Hasaki,JP,2022-07-09 18:23:19,35.7333,140.8333,73.8,92,100,17.05
243,Zhigansk,RU,2022-07-09 18:23:19,66.7697,123.3711,47.55,81,51,8.77
244,Inhambane,MZ,2022-07-09 18:23:20,-23.865,35.3833,67.98,77,20,6.91
245,Wanning,CN,2022-07-09 18:23:20,18.8003,110.3967,79.86,88,91,3.04
246,New Norfolk,AU,2022-07-09 18:23:21,-42.7826,147.0587,45.9,84,70,2.33
247,Barsi,IN,2022-07-09 18:23:21,18.2333,75.7,72.95,87,100,15.99
248,Coihaique,CL,2022-07-09 18:19:56,-45.5752,-72.0662,36.21,100,100,5.75
249,Wana,PK,2022-07-09 18:23:22,32.2989,69.5725,73.51,82,85,5.64
250,Teya,RU,2022-07-09 18:21:19,60.3778,92.6267,59.9,78,84,2.59
251,Ribeira Grande,PT,2022-07-09 18:22:04,38.5167,-28.7,70.2,68,75,14.97
252,Acapulco,MX,2022-07-09 18:23:22,16.8634,-99.8901,85.82,70,40,11.5
253,Tessalit,ML,2022-07-09 18:23:23,20.1986,1.0114,103.62,6,72,5.44
254,Georgetown,MY,2022-07-09 18:23:08,5.4112,100.3354,84.13,77,20,4.61
255,Kiunga,PG,2022-07-09 18:23:23,-6.1219,141.2906,71.31,99,79,1.86
256,Boditi,ET,2022-07-09 18:23:24,6.9667,37.8667,58.53,83,82,5.01
257,Japura,ID,2022-07-09 18:23:24,-0.3167,102.35,74.07,97,94,0.43
258,Maldonado,UY,2022-07-09 18:23:25,-34.6667,-54.9167,67.23,79,61,14.79
259,Rio Grande,BR,2022-07-09 18:23:25,-32.035,-52.0986,62.71,92,100,14.09
260,Tanda,IN,2022-07-09 18:23:26,26.55,82.65,90.48,54,92,10.07
261,Volsk,RU,2022-07-09 18:23:26,52.0333,47.3833,74.17,53,20,4.88
262,Sao Joao Da Barra,BR,2022-07-09 18:23:27,-21.6403,-41.0511,78.89,74,18,10.36
263,Nemuro,JP,2022-07-09 18:23:27,43.3236,145.575,57.58,96,100,14.2
264,Forbes,AU,2022-07-09 18:23:28,-33.3833,148.0167,34.92,81,15,5.19
265,Marienburg,PL,2022-07-09 18:22:49,54.0359,19.0266,65.88,59,79,11.3
266,Ponta Delgada,PT,2022-07-09 18:23:28,37.7333,-25.6667,68.72,73,75,12.66
267,Sorland,NO,2022-07-09 18:23:29,67.667,12.6934,55.26,80,70,5.3
268,Tondon,GN,2022-07-09 18:23:29,10.3667,-13.35,78.58,92,92,4.27
269,Matamoros,MX,2022-07-09 18:20:47,25.5333,-103.25,89.71,33,40,4.61
270,Mezen,RU,2022-07-09 18:23:30,65.8522,44.24,61.39,64,85,1.81
271,Kloulklubed,PW,2022-07-09 18:23:30,7.0419,134.2556,81.12,81,100,16.42
272,Iskateley,RU,2022-07-09 18:21:17,67.6803,53.1512,58.48,70,54,6.11
273,Vila,PT,2022-07-09 18:24:31,42.0304,-8.1588,86.7,33,0,4.12
274,Saint Anthony,US,2022-07-09 18:24:31,45.0205,-93.218,83.89,55,40,11.5
275,Kununurra,AU,2022-07-09 18:24:32,-15.7667,128.7333,64.38,34,65,8.05
276,Ciro Marina,IT,2022-07-09 18:24:32,39.3732,17.126,78.67,57,0,25.19
277,Edgewater,US,2022-07-09 18:24:33,28.9889,-80.9023,97.29,59,100,9.01
278,Erdenet,MN,2022-07-09 18:24:33,49.0333,104.0833,51.15,87,97,2.06
279,Bafra,TR,2022-07-09 18:24:33,41.5678,35.9069,69.71,86,2,2.77
280,Yangambi,CD,2022-07-09 18:24:34,0.8102,24.4336,80.71,44,75,2.98
281,Rio Gallegos,AR,2022-07-09 18:21:34,-51.6226,-69.2181,28.45,80,0,16.11
282,Ribeira Brava,PT,2022-07-09 18:24:34,32.65,-17.0667,83.12,52,3,2.19
283,Saint-Augustin,CA,2022-07-09 18:24:35,51.226,-58.6502,61.5,68,56,20.49
284,Meulaboh,ID,2022-07-09 18:24:35,4.1363,96.1285,77.43,88,100,3.31
285,Palu,ID,2022-07-09 18:24:35,-0.8917,119.8707,75.43,98,100,4.21
286,Champerico,GT,2022-07-09 18:24:36,14.3,-91.9167,91.94,72,24,4.38
287,El Alto,PE,2022-07-09 18:24:36,-4.2714,-81.2147,73.06,62,97,16.87
288,Hilo,US,2022-07-09 18:20:19,19.7297,-155.09,78.24,83,100,0.0
289,Tirodi,IN,2022-07-09 18:24:37,21.6833,79.7,79.02,85,33,2.39
290,Pailon,BO,2022-07-09 18:24:37,-17.65,-62.75,89.28,25,15,17.87
291,Camana,PE,2022-07-09 18:24:38,-16.6228,-72.7111,66.87,69,73,8.3
292,Ancud,CL,2022-07-09 18:24:38,-41.8697,-73.8203,47.23,85,100,9.82
293,Ribas Do Rio Pardo,BR,2022-07-09 18:24:39,-20.4431,-53.7592,91.35,23,11,8.46
294,Preobrazheniye,RU,2022-07-09 18:24:39,42.9019,133.9064,62.08,92,93,7.54
295,Bata,GQ,2022-07-09 18:24:39,1.8639,9.7658,76.51,82,44,12.53
296,Auki,SB,2022-07-09 18:22:09,-8.7676,160.7034,75.58,87,66,3.22
297,Arman,RU,2022-07-09 18:24:40,59.7,150.1667,55.6,96,41,2.75
298,Bengkulu,ID,2022-07-09 18:24:40,-3.8004,102.2655,75.11,87,5,4.23
299,Aswan,EG,2022-07-09 18:19:55,24.0934,32.907,91.83,20,60,10.02
300,Rovaniemi,FI,2022-07-09 18:24:41,66.5,25.7167,60.21,82,0,4.61
301,Chuy,UY,2022-07-09 18:24:41,-33.6971,-53.4616,61.34,91,92,11.88
302,Lamlash,GB,2022-07-09 18:24:42,55.5336,-5.1296,64.49,76,38,5.86
303,Port Hedland,AU,2022-07-09 18:23:22,-20.3167,118.5667,51.85,66,4,8.05
304,Hope,US,2022-07-09 18:24:42,33.6671,-93.5916,104.07,29,17,7.38
305,Taguatinga,BR,2022-07-09 18:24:43,-12.3857,-46.5711,91.36,19,0,7.02
306,Paita,PE,2022-07-09 18:21:59,-5.0892,-81.1144,69.94,70,89,13.65
307,Lerwick,GB,2022-07-09 18:24:43,60.1545,-1.1494,51.8,90,100,8.43
308,Paso De Patria,AR,2022-07-09 18:24:43,-27.2454,-58.5454,89.08,39,3,14.38
309,Bilma,NE,2022-07-09 18:24:44,18.6853,12.9164,97.16,16,0,3.18
310,Urumqi,CN,2022-07-09 18:24:44,43.801,87.6005,67.15,64,0,6.71
311,Hambantota,LK,2022-07-09 18:24:07,6.1241,81.1185,81.0,74,88,20.15
312,Namibe,AO,2022-07-09 18:24:45,-15.1961,12.1522,64.47,82,11,10.0
313,Vila Franca Do Campo,PT,2022-07-09 18:24:45,37.7167,-25.4333,68.41,71,45,8.86
314,Umm Kaddadah,SD,2022-07-09 18:24:46,13.6017,26.6876,89.83,38,92,3.65
315,Felanitx,ES,2022-07-09 18:24:46,39.4696,3.1483,85.44,41,0,6.11
316,Falam,MM,2022-07-09 18:24:47,22.9167,93.6833,62.74,97,8,2.48
317,Broome,US,2022-07-09 18:24:47,42.2506,-75.833,82.18,43,0,9.22
318,Conde,BR,2022-07-09 18:24:47,-7.2597,-34.9075,80.06,69,75,12.66
319,Handan,CN,2022-07-09 18:25:48,36.6006,114.4678,75.56,80,39,14.45
320,Dingli,MT,2022-07-09 18:25:48,35.8614,14.3822,79.81,57,20,6.91
321,Ixtapa,MX,2022-07-09 18:25:49,20.7,-105.2,88.23,62,20,4.0
322,Atar,MR,2022-07-09 18:25:49,20.5169,-13.0499,106.09,17,28,12.41
323,Nago,JP,2022-07-09 18:25:50,26.5881,127.9761,84.63,92,100,10.11
324,Souillac,MU,2022-07-09 18:25:50,-20.5167,57.5167,68.38,68,40,14.97
325,Kutum,SD,2022-07-09 18:25:50,14.2,24.6667,82.71,36,96,8.25
326,Alamosa,US,2022-07-09 18:25:51,37.4695,-105.87,80.58,28,0,5.75
327,Robat Karim,IR,2022-07-09 18:25:51,35.4846,51.0829,89.46,20,0,13.8
328,La Brea,HN,2022-07-09 18:25:51,15.8,-85.9667,85.51,74,75,3.44
329,San Carlos De Bariloche,AR,2022-07-09 18:25:52,-41.1456,-71.3082,41.25,81,75,4.61
330,Gibraleon,ES,2022-07-09 18:25:52,37.3763,-6.969,89.02,28,0,13.2
331,Gubkinskiy,RU,2022-07-09 18:25:53,64.434,76.5026,61.86,66,2,11.39
332,Poshekhonye,RU,2022-07-09 18:25:53,58.4993,39.1353,63.81,78,100,5.75
333,Alvdal,NO,2022-07-09 18:25:54,62.1077,10.6307,47.71,85,100,6.49
334,Morondava,MG,2022-07-09 18:25:54,-20.2833,44.2833,71.65,58,0,13.69
335,Luderitz,NA,2022-07-09 18:21:30,-26.6481,15.1594,56.52,90,26,11.16
336,Bethel,US,2022-07-09 18:25:54,41.3712,-73.414,85.17,43,0,8.05
337,Kingston Upon Hull,GB,2022-07-09 18:25:55,53.7446,-0.3353,69.12,33,56,10.36
338,Kenai,US,2022-07-09 18:25:55,60.5544,-151.2583,64.49,60,75,9.22
339,Sterling,US,2022-07-09 18:25:12,39.0062,-77.4286,71.55,94,100,6.91
340,Peniche,PT,2022-07-09 18:25:56,39.3558,-9.3811,88.09,72,1,10.45
341,Grand Gaube,MU,2022-07-09 18:25:56,-20.0064,57.6608,68.4,62,74,5.99
342,Pangody,RU,2022-07-09 18:25:56,65.85,74.4859,55.08,80,10,5.37
343,Pecos,US,2022-07-09 18:25:57,31.4229,-103.4932,98.69,23,40,0.0
344,Kamenka,RU,2022-07-09 18:25:57,51.3223,42.7678,71.24,58,100,5.37
345,Mogadishu,SO,2022-07-09 18:25:58,2.0371,45.3438,75.58,81,20,19.48
346,Myitkyina,MM,2022-07-09 18:25:58,25.3833,97.4,77.07,93,9,1.39
347,Oksfjord,NO,2022-07-09 18:25:59,70.2396,22.3479,59.07,75,88,2.53
348,Svetlogorsk,BY,2022-07-09 18:25:59,52.6333,29.7333,62.38,83,100,5.3
349,Hofn,IS,2022-07-09 18:25:28,64.2539,-15.2082,50.83,89,100,2.42
350,Salamanca,ES,2022-07-09 18:24:53,40.8333,-6.0,93.99,11,0,13.0
351,Beyneu,KZ,2022-07-09 18:26:00,45.3167,55.2,86.23,17,46,5.86
352,Kirakira,SB,2022-07-09 18:26:00,-10.4544,161.9205,77.9,84,19,6.53
353,Talara,PE,2022-07-09 18:26:00,-4.5772,-81.2719,75.96,60,0,23.02
354,Sosnovka,RU,2022-07-09 18:26:01,56.255,51.2842,63.1,91,99,3.06
355,Paysandu,UY,2022-07-09 18:26:01,-32.3214,-58.0756,73.87,72,47,15.86
356,Sao Miguel Do Tapuio,BR,2022-07-09 18:26:02,-5.5036,-41.3233,93.31,24,34,8.34
357,Nalut,LY,2022-07-09 18:26:02,30.3333,10.85,93.94,23,27,18.95
358,Muroto,JP,2022-07-09 18:26:03,33.2833,134.15,78.71,88,24,2.46
359,Anderson,US,2022-07-09 18:26:03,34.5334,-82.6499,90.16,78,0,11.5
360,Ostrovnoy,RU,2022-07-09 18:26:03,68.0531,39.5131,47.32,88,85,6.46
361,Puerto Escondido,MX,2022-07-09 18:25:07,15.85,-97.0667,86.83,58,40,8.05
362,Pangnirtung,CA,2022-07-09 18:25:16,66.1451,-65.7125,48.2,76,75,20.71
363,Knyaze-Volkonskoye,RU,2022-07-09 18:26:04,48.4642,135.4567,68.34,96,100,3.36
364,Komsomolets,KZ,2022-07-09 18:26:04,53.7453,62.0708,68.94,66,80,3.87
365,Storm Lake,US,2022-07-09 18:26:05,42.6411,-95.2097,81.64,78,75,4.61
366,Nenjiang,CN,2022-07-09 18:26:05,49.1833,125.2167,59.16,92,64,7.47
367,Yulara,AU,2022-07-09 18:27:06,-25.2406,130.9889,42.78,59,0,7.54
368,Arona,ES,2022-07-09 18:27:06,28.0996,-16.681,73.92,57,0,3.44
369,Fort Nelson,CA,2022-07-09 18:26:02,58.8053,-122.7002,58.59,94,100,12.66
370,Mahon,ES,2022-07-09 18:26:41,39.8885,4.2658,82.96,34,0,6.91
371,Cervo,ES,2022-07-09 18:27:07,43.6702,-7.4101,69.71,77,0,11.9
372,Great Yarmouth,GB,2022-07-09 18:27:08,52.6083,1.7305,68.41,67,65,8.95
373,Onokhoy,RU,2022-07-09 18:27:08,51.932,108.0747,53.35,71,47,4.74
374,Menongue,AO,2022-07-09 18:27:08,-14.6585,17.691,59.7,37,35,4.43
375,Namatanai,PG,2022-07-09 18:27:09,-3.6667,152.4333,77.25,75,8,7.0
376,Flagstaff,US,2022-07-09 18:26:16,35.1981,-111.6513,91.09,21,40,8.05
377,Hervey Bay,AU,2022-07-09 18:27:09,-25.2986,152.8535,52.5,67,23,11.36
378,Yenagoa,NG,2022-07-09 18:27:10,4.9247,6.2642,74.8,92,100,6.04
379,Aksu,CN,2022-07-09 18:27:10,41.1231,80.2644,79.68,31,87,16.13
380,Ulverstone,AU,2022-07-09 18:27:11,-41.15,146.1667,41.22,79,5,6.87
381,Atyrau,KZ,2022-07-09 18:27:11,47.1167,51.8833,78.82,31,0,4.47
382,Adrar,MR,2022-07-09 18:27:11,20.5022,-10.0711,108.73,9,7,5.77
383,Khandyga,RU,2022-07-09 18:27:12,62.6667,135.6,54.27,77,98,4.85
384,Fort Payne,US,2022-07-09 18:27:12,34.4442,-85.7197,89.73,61,40,8.05
385,Hrodna,BY,2022-07-09 18:27:13,53.6884,23.8258,58.23,86,86,5.39
386,Tautira,PF,2022-07-09 18:27:13,-17.7333,-149.15,76.59,73,76,17.54
387,Killam,CA,2022-07-09 18:27:14,52.7834,-111.8518,69.75,56,10,9.22
388,Korla,CN,2022-07-09 18:27:14,41.7597,86.1469,84.24,19,93,12.12
389,Talas,TR,2022-07-09 18:27:14,38.6908,35.5538,77.67,34,40,0.0
390,Portland,US,2022-07-09 18:27:15,45.5234,-122.6762,75.56,62,75,5.01
391,Saint-Pierre,RE,2022-07-09 18:27:15,-21.3393,55.4781,67.91,69,20,17.27
392,Kaitangata,NZ,2022-07-09 18:27:16,-46.2817,169.8464,33.71,87,59,4.52
393,Tiznit,MA,2022-07-09 18:27:16,29.5833,-9.5,99.5,14,60,9.4
394,Marsa Matruh,EG,2022-07-09 18:27:16,31.3525,27.2453,80.8,78,40,10.36
395,Coracora,PE,2022-07-09 18:27:17,-15.0333,-73.7833,61.18,35,46,9.04
396,Severo-Kurilsk,RU,2022-07-09 18:27:17,50.6789,156.125,53.73,89,99,11.5
397,Srikakulam,IN,2022-07-09 18:27:18,18.3,83.9,79.65,87,91,5.61
398,Huesca,ES,2022-07-09 18:27:18,42.1362,-0.4087,92.08,29,0,10.36
399,Inuvik,CA,2022-07-09 18:24:09,68.3499,-133.7218,56.16,94,100,5.75
400,Simojovel,MX,2022-07-09 18:27:19,17.1391,-92.7103,87.08,46,6,5.12
401,Zyryanka,RU,2022-07-09 18:27:19,65.75,150.85,49.24,81,99,2.24
402,Lorengau,PG,2022-07-09 18:27:20,-2.0226,147.2712,81.7,77,88,10.4
403,Beysehir,TR,2022-07-09 18:27:20,37.6773,31.7246,70.93,50,0,10.02
404,Bonavista,CA,2022-07-09 18:27:21,48.6499,-53.1147,58.26,73,60,18.14
405,Phitsanulok,TH,2022-07-09 18:27:21,16.9167,100.5,72.59,99,100,2.57
406,Awbari,LY,2022-07-09 18:27:22,26.5921,12.7805,97.93,13,1,8.79
407,Kupang,ID,2022-07-09 18:27:22,-10.1667,123.5833,75.45,82,23,14.61
408,Puerto Baquerizo Moreno,EC,2022-07-09 18:22:40,-0.9,-89.6,76.19,73,75,11.5
409,Cayenne,GF,2022-07-09 18:23:42,4.9333,-52.3333,86.04,1,75,5.75
410,Taft,IR,2022-07-09 18:27:23,31.7471,54.2088,93.15,10,14,9.22
411,Chudniv,UA,2022-07-09 18:27:23,50.052,28.1175,60.42,86,59,7.83
412,Labuhan,ID,2022-07-09 18:27:23,-6.8844,112.2051,75.33,84,11,7.09
413,Jeremie,HT,2022-07-09 18:28:24,18.65,-74.1167,86.27,62,100,5.61
414,Kodino,RU,2022-07-09 18:28:24,63.7198,39.6447,63.86,62,61,4.43
415,Avsyunino,RU,2022-07-09 18:28:25,55.5652,39.1232,64.08,81,84,2.77
416,Lasa,IT,2022-07-09 18:28:25,46.6166,10.7002,74.28,54,57,6.08
417,Bacolod,PH,2022-07-09 18:28:26,10.6667,122.95,77.61,89,100,8.79
418,Porto Novo,BJ,2022-07-09 18:28:26,6.4965,2.6036,78.62,94,100,3.51
419,Zig,US,2022-07-09 18:28:26,40.127,-92.7663,84.16,69,20,10.36
420,Waterford,US,2022-07-09 18:28:27,42.7023,-83.4027,79.84,35,75,11.5
421,Khash,IR,2022-07-09 18:28:27,28.2211,61.2158,88.83,9,34,12.03
422,Ajdabiya,LY,2022-07-09 18:28:28,30.7554,20.2263,80.1,66,0,21.03
423,Mengyin,CN,2022-07-09 18:28:28,35.7069,117.9264,77.41,78,57,3.02
424,Rorvik,NO,2022-07-09 18:28:29,64.8621,11.2373,52.54,82,96,3.13
425,Tafresh,IR,2022-07-09 18:28:29,34.692,50.013,76.93,17,0,10.89
426,Severomuysk,RU,2022-07-09 18:27:58,56.1481,113.4267,47.26,95,100,4.03
427,Chiesanuova,SM,2022-07-09 18:28:29,43.9045,12.4214,73.63,48,0,6.91
428,Kholodnyy,RU,2022-07-09 18:28:30,62.7167,147.95,57.87,57,5,5.57
429,Sisimiut,GL,2022-07-09 18:28:30,66.9395,-53.6735,44.94,79,100,11.88
430,Praia,CV,2022-07-09 18:28:06,14.9215,-23.5087,79.34,69,75,13.8
431,Kushima,JP,2022-07-09 18:28:31,31.4583,131.2333,74.05,90,1,5.61
432,Anadyr,RU,2022-07-09 18:28:31,64.75,177.4833,54.1,87,40,13.42
433,Praia Da Vitoria,PT,2022-07-09 18:28:32,38.7333,-27.0667,70.75,78,75,9.86
434,Cativa,PA,2022-07-09 18:28:32,9.3606,-79.8436,85.19,87,100,3.51
435,Porto-Vecchio,FR,2022-07-09 18:28:32,41.591,9.2795,85.66,35,0,4.61
436,Callaway,US,2022-07-09 18:28:33,30.153,-85.5699,91.98,76,86,5.99
437,Sobolevo,RU,2022-07-09 18:28:33,54.4299,31.8996,64.09,78,78,1.5
438,Novoagansk,RU,2022-07-09 18:28:34,61.9449,76.6625,67.24,88,40,5.5
439,Huarmey,PE,2022-07-09 18:28:34,-10.0681,-78.1522,68.04,71,77,11.65
440,Ekhabi,RU,2022-07-09 18:28:34,53.5102,142.9671,60.33,89,30,9.53
441,Touros,BR,2022-07-09 18:25:45,-5.1989,-35.4608,81.43,68,22,16.06
442,Hengshan,CN,2022-07-09 18:28:35,45.2,130.9167,59.13,96,92,3.71
443,Goderich,CA,2022-07-09 18:28:35,43.7501,-81.7165,68.32,56,0,13.8
444,Fertorakos,HU,2022-07-09 18:28:36,47.7202,16.6504,74.35,58,45,18.68
445,Mackenzie,CA,2022-07-09 18:28:36,55.2999,-123.1698,62.82,51,75,8.05
446,Piopio,NZ,2022-07-09 18:28:37,-38.4667,175.0167,53.1,100,99,1.68
447,Rawson,AR,2022-07-09 18:28:37,-43.3002,-65.1023,58.42,31,63,12.5
448,Mrakovo,RU,2022-07-09 18:28:37,52.7161,56.6244,62.82,91,76,2.91
449,Kargat,RU,2022-07-09 18:28:38,55.1956,80.2811,64.29,76,98,7.14
450,Oussouye,SN,2022-07-09 18:28:38,12.485,-16.5469,86.18,73,96,9.93
451,Borgarnes,IS,2022-07-09 18:28:39,64.5383,-21.9206,57.25,91,100,5.44
452,Warri,NG,2022-07-09 18:28:39,5.5167,5.75,73.33,98,100,5.3
453,Empangeni,ZA,2022-07-09 18:28:39,-28.762,31.8933,66.49,71,0,11.56
454,Florianopolis,BR,2022-07-09 18:28:40,-27.6146,-48.5012,73.54,71,0,10.36
455,Half Moon Bay,US,2022-07-09 18:25:20,37.4636,-122.4286,80.89,77,100,17.27
456,Palmer,US,2022-07-09 18:27:56,42.1584,-72.3287,82.92,31,20,6.91
457,Yar-Sale,RU,2022-07-09 18:28:41,66.8333,70.8333,56.23,71,1,0.72
458,Faya,SA,2022-07-09 18:28:41,18.3851,42.4509,69.91,41,99,5.66
459,Isangel,VU,2022-07-09 18:26:42,-19.55,169.2667,75.31,94,40,2.3
460,Tongzi,CN,2022-07-09 18:28:42,28.7829,105.0877,79.88,77,18,3.49
461,Gawler,AU,2022-07-09 18:28:42,-34.6,138.7333,41.09,95,0,5.14
462,Northam,GB,2022-07-09 18:29:42,51.0333,-4.2167,70.61,64,14,10.22
463,Willemstad,CW,2022-07-09 18:25:54,12.1084,-68.9335,85.91,70,40,14.97
464,Maracaibo,VE,2022-07-09 18:29:43,10.6317,-71.6406,91.71,51,81,2.86
465,Ilulissat,GL,2022-07-09 18:29:43,69.2167,-51.1,50.02,62,20,4.61
466,Progreso,MX,2022-07-09 18:29:44,21.2833,-89.6667,93.11,60,13,13.44
467,Iqaluit,CA,2022-07-09 18:29:17,63.7506,-68.5145,40.73,86,40,9.22
468,Alexandria,EG,2022-07-09 18:27:53,31.2156,29.9553,80.56,74,40,10.36
469,Nizhniy Kuranakh,RU,2022-07-09 18:29:44,58.8353,125.4869,58.1,98,100,1.66
470,Tapejara,BR,2022-07-09 18:29:45,-28.0681,-52.0139,75.58,71,28,8.25
471,Guaruja,BR,2022-07-09 18:29:45,-23.9931,-46.2564,72.9,26,75,9.22
472,Pitimbu,BR,2022-07-09 18:29:46,-7.4706,-34.8086,81.19,79,37,13.67
473,Sola,VU,2022-07-09 18:26:33,-13.8833,167.55,77.67,100,100,0.0
474,Shangzhi,CN,2022-07-09 18:29:46,45.2167,127.9667,60.94,91,0,3.94
475,Pinega,RU,2022-07-09 18:29:47,64.7001,43.3936,61.99,65,82,3.67
476,Paragominas,BR,2022-07-09 18:29:47,-2.9667,-47.4833,87.8,51,52,5.17
477,Santa Cruz,BO,2022-07-09 18:29:47,-17.8,-63.1667,87.85,48,75,26.46
478,Post Falls,US,2022-07-09 18:29:48,47.718,-116.9516,78.55,49,0,8.05
479,Bulnes,CL,2022-07-09 18:29:48,-36.7423,-72.2985,48.96,92,100,15.84
480,Odweyne,SO,2022-07-09 18:29:49,9.4092,45.064,70.66,55,86,20.71
481,Sakakah,SA,2022-07-09 18:29:49,29.9697,40.2064,94.57,10,0,14.54
482,San Policarpo,PH,2022-07-09 18:29:49,12.1791,125.5072,78.01,88,100,4.94
483,Mandeville,JM,2022-07-09 18:29:50,18.0417,-77.5071,86.02,40,98,13.53
484,Tabou,CI,2022-07-09 18:29:50,4.423,-7.3528,77.49,75,84,10.04
485,Sisak,HR,2022-07-09 18:29:51,45.4661,16.3783,76.98,61,76,2.17
486,Alice Springs,AU,2022-07-09 18:29:51,-23.7,133.8833,29.75,93,0,0.0
487,Broken Hill,AU,2022-07-09 18:29:52,-31.95,141.4333,40.77,89,33,7.47
488,Acarau,BR,2022-07-09 18:25:41,-2.8856,-40.12,85.5,58,80,14.45
489,Upington,ZA,2022-07-09 18:29:52,-28.4478,21.2561,64.78,32,0,8.05
490,Lae,PG,2022-07-09 18:29:53,-6.7221,146.9847,75.92,73,90,5.86
491,Hazebrouck,FR,2022-07-09 18:29:53,50.7237,2.5373,69.73,61,32,13.04
492,Noumea,NC,2022-07-09 18:26:26,-22.2763,166.4572,75.0,99,0,5.55
493,Solnechnyy,RU,2022-07-09 18:29:54,50.7214,136.6319,67.35,94,70,5.03
494,Iranduba,BR,2022-07-09 18:29:54,-3.2847,-60.1861,79.12,58,36,5.73
495,Kampot,KH,2022-07-09 18:29:54,10.6167,104.1833,80.65,88,100,17.47
496,Phayao,TH,2022-07-09 18:29:55,19.25,100.25,72.95,99,100,2.46
497,Ambon,ID,2022-07-09 18:29:55,-3.6954,128.1814,78.24,15,40,5.75
498,Sidi Ali,DZ,2022-07-09 18:29:56,36.0998,0.4206,76.19,58,0,15.28
499,Candelaria,PH,2022-07-09 18:29:56,13.9311,121.4233,80.38,94,29,2.93
500,Great Falls,US,2022-07-09 18:29:57,47.5002,-111.3008,84.69,33,0,5.01
501,Harwich,GB,2022-07-09 18:28:09,51.9419,1.2844,69.35,71,38,8.01
502,Palencia,ES,2022-07-09 18:27:37,42.4167,-4.5,87.8,23,0,17.4
503,Christchurch,NZ,2022-07-09 18:29:58,-43.5333,172.6333,39.9,81,100,9.22
504,Taltal,CL,2022-07-09 18:29:58,-25.4,-70.4833,60.69,72,44,3.27
505,Matagalpa,NI,2022-07-09 18:29:59,12.9256,-85.9175,83.21,61,40,13.8
506,Newport,GB,2022-07-09 18:29:59,51.5877,-2.9984,78.67,65,15,1.1
507,Belz,FR,2022-07-09 18:29:59,47.6751,-3.168,83.12,47,0,8.99
508,Gushikawa,JP,2022-07-09 18:30:00,26.3544,127.8686,83.79,89,40,10.36
509,Shu,KZ,2022-07-09 18:31:00,43.5983,73.7614,70.2,38,0,4.14
510,Constitucion,CL,2022-07-09 18:30:13,-35.3333,-72.4167,53.42,87,100,18.52
511,Jaicos,BR,2022-07-09 18:31:01,-7.3592,-41.1378,82.98,42,7,12.88
512,Bomet,KE,2022-07-09 18:31:02,-0.7813,35.3416,58.1,68,97,6.02
513,Ust-Maya,RU,2022-07-09 18:31:02,60.4167,134.5333,60.17,69,25,3.65
514,Zhob,PK,2022-07-09 18:31:03,31.3411,69.4481,71.01,87,91,5.66
515,Worland,US,2022-07-09 18:31:03,44.0169,-107.9554,92.68,38,0,5.75
516,Guerrero Negro,MX,2022-07-09 18:31:03,27.9769,-114.0611,77.27,58,16,17.58
517,Kropachevo,RU,2022-07-09 18:31:04,55.0112,57.9896,61.83,84,7,2.15
518,Dwarka,IN,2022-07-09 18:31:05,22.2394,68.9678,82.65,84,100,24.63
519,Rocha,UY,2022-07-09 18:31:05,-34.4833,-54.3333,65.03,86,74,13.2
520,Monster,NL,2022-07-09 18:31:05,52.0258,4.175,64.98,68,40,13.8
521,Ola,RU,2022-07-09 18:31:06,59.5833,151.2833,55.92,95,72,1.28
522,Lixourion,GR,2022-07-09 18:31:06,38.2019,20.4314,78.8,65,20,14.97
523,Port Blair,IN,2022-07-09 18:31:07,11.6667,92.75,82.44,83,100,8.05
524,Uray,RU,2022-07-09 18:31:07,60.1247,64.7758,70.14,70,92,4.07
525,Sokolo,ML,2022-07-09 18:31:08,14.7328,-6.1219,99.84,26,82,9.28
526,Isla Vista,US,2022-07-09 18:31:08,34.4133,-119.861,90.37,48,0,6.44
527,Penzance,GB,2022-07-09 18:27:15,50.1186,-5.5371,68.68,79,0,17.02
528,Matata,NZ,2022-07-09 18:31:09,-37.8833,176.75,53.58,91,53,3.87
529,Takoradi,GH,2022-07-09 18:31:09,4.8845,-1.7554,76.5,83,63,9.91
530,Hyeres,FR,2022-07-09 18:31:10,43.1167,6.1167,85.71,53,0,13.8
531,Butte,US,2022-07-09 18:31:10,39.6499,-121.5677,83.28,43,0,4.61
532,Fare,PF,2022-07-09 18:31:10,-16.7,-151.0167,77.65,75,49,17.58
533,Vinkovci,HR,2022-07-09 18:31:11,45.2883,18.8047,73.35,43,0,12.66
534,Roma,US,2022-07-09 18:31:11,43.2128,-75.4557,77.36,40,0,8.99
535,Jinchang,CN,2022-07-09 18:31:12,38.4953,102.1739,74.53,43,77,5.82
536,Kyra,RU,2022-07-09 18:31:12,49.5776,111.9753,48.87,88,1,4.97
537,Diego De Almagro,CL,2022-07-09 18:31:12,-26.3667,-70.05,64.89,28,0,8.52
538,Venice,US,2022-07-09 18:27:27,27.0998,-82.4543,91.98,81,20,10.36
539,Mercedes,AR,2022-07-09 18:31:13,-34.6515,-59.4307,72.05,66,99,11.41
540,Henties Bay,NA,2022-07-09 18:31:13,-22.116,14.2845,56.77,90,0,8.34
541,Shitanjing,CN,2022-07-09 18:31:14,39.2342,106.3439,64.36,46,0,6.85
542,Ellensburg,US,2022-07-09 18:31:14,46.9965,-120.5479,79.57,35,0,17.27
543,Sept-Iles,CA,2022-07-09 18:31:15,50.2001,-66.3821,66.06,52,75,17.27
544,Vanavara,RU,2022-07-09 18:31:15,60.34,102.2797,52.16,83,31,2.28
545,Fujin,CN,2022-07-09 18:31:16,47.26,132.0322,64.53,98,100,7.34
546,Karasjok,NO,2022-07-09 18:31:16,69.4719,25.5112,56.52,76,100,6.49
547,Raudeberg,NO,2022-07-09 18:31:17,61.9875,5.1352,50.67,84,99,15.35
548,La Orilla,MX,2022-07-09 18:31:17,17.9833,-102.2333,87.69,60,94,8.9
549,Naze,JP,2022-07-09 18:31:18,28.3667,129.4833,81.52,90,7,9.1
550,Viedma,AR,2022-07-09 18:28:54,-40.8135,-62.9967,58.93,30,11,13.04
551,Kahului,US,2022-07-09 18:27:47,20.8947,-156.47,80.62,78,40,11.5
552,Coos Bay,US,2022-07-09 18:31:18,43.3665,-124.2179,71.31,83,100,9.22
553,Coquimbo,CL,2022-07-09 18:32:19,-29.9533,-71.3436,62.33,55,75,5.75
554,Iisalmi,FI,2022-07-09 18:28:20,63.5592,27.1907,57.27,96,100,6.33
555,Kanker,IN,2022-07-09 18:32:19,20.2719,81.4931,75.04,94,100,2.51
556,Saint-Joseph,RE,2022-07-09 18:32:20,-21.3667,55.6167,66.58,73,32,17.27
557,Sao Jose Da Coroa Grande,BR,2022-07-09 18:32:20,-8.8978,-35.1478,76.59,85,27,15.93
